"match_name","full_name","marathon","year","vaporfly"
"CAROLINE ROTICH","CAROLINE ROTICH","Boston Marathon",2015,FALSE
"MARE DIBABA","MARE DIBABA","Boston Marathon",2015,FALSE
"BUZUNESH DEBA","BUZUNESH DEBA","Boston Marathon",2015,FALSE
"DESIREE LINDEN","DESIREE LINDEN","Boston Marathon",2015,FALSE
"SHARON CHEROP","SHARON CHEROP","Boston Marathon",2015,FALSE
"CAROLINE KILEL","CAROLINE KILEL","Boston Marathon",2015,FALSE
"ABERU KEBEDE","ABERU KEBEDE","Boston Marathon",2015,FALSE
"SHURE DEMISE","SHURE DEMISE","Boston Marathon",2015,FALSE
"SHALANE FLANAGAN","SHALANE FLANAGAN","Boston Marathon",2015,FALSE
"JOYCE CHEPKIRUI","JOYCE CHEPKIRUI","Boston Marathon",2015,FALSE
"ALEKSANDRA DULIBA","ALEKSANDRA DULIBA","Boston Marathon",2015,FALSE
"LISA NEMEC","LISA NEMEC","Boston Marathon",2015,FALSE
"ADRIANA NELSON","ADRIANA NELSON","Boston Marathon",2015,FALSE
"MEGUMI AMAKO","MEGUMI AMAKO","Boston Marathon",2015,FALSE
"HILARY DIONNE","HILARY K. DIONNE","Boston Marathon",2015,FALSE
"LAUREN PHILBROOK","LAUREN PHILBROOK","Boston Marathon",2015,FALSE
"CAITLIN E. PHILLIPS","CAITLIN E. PHILLIPS","Boston Marathon",2015,FALSE
"LISSA ZIMMER","LISSA ZIMMER","Boston Marathon",2015,FALSE
"MADELINE DUHON","MADELINE E. DUHON","Boston Marathon",2015,FALSE
"AMBER GREEN","AMBER GREEN","Boston Marathon",2015,FALSE
"CHRISTINE SHAW","CHRISTINE E SHAW","Boston Marathon",2015,FALSE
"SABINA PIRAS","SABINA PIRAS","Boston Marathon",2015,FALSE
"CAROLINE BOLLER","CAROLINE S. BOLLER","Boston Marathon",2015,FALSE
"RACHEL COOGAN","RACHEL COOGAN","Boston Marathon",2015,FALSE
"ATSEDE BAYSA","ATSEDE BAYSA","Boston Marathon",2016,FALSE
"TIRFI TSEGAYE","TIRFI TSEGAYE","Boston Marathon",2016,FALSE
"JOYCE CHEPKIRUI","JOYCE CHEPKIRUI","Boston Marathon",2016,FALSE
"JELENA PROKOPCUKA","JELENA PROKOPCUKA","Boston Marathon",2016,FALSE
"VALENTINE KIPKETER","VALENTINE KIPKETER","Boston Marathon",2016,FALSE
"FLOMENA CHEYECH DANIEL","FLOMENA CHEYECH DANIEL","Boston Marathon",2016,FALSE
"BUZUNESH DEBA","BUZUNESH DEBA","Boston Marathon",2016,FALSE
"FATE TOLA","FATE TOLA","Boston Marathon",2016,FALSE
"NEELY SPENCE GRACEY","NEELY SPENCE GRACEY","Boston Marathon",2016,FALSE
"MAMITU DASKA","MAMITU DASKA","Boston Marathon",2016,FALSE
"SARAH CROUCH","SARAH CROUCH","Boston Marathon",2016,FALSE
"MIHARU SHIMOKADO","MIHARU SHIMOKADO","Boston Marathon",2016,FALSE
"AMANE BERISO","AMANE BERISO","Boston Marathon",2016,FALSE
"TIKI GELANA","TIKI GELANA","Boston Marathon",2016,FALSE
"TADELECH BEKELE","TADELECH BEKELE","Boston Marathon",2016,FALSE
"FATUMA SADO","FATUMA SADO","Boston Marathon",2016,FALSE
"LAURIE KNOWLES","LAURIE KNOWLES","Boston Marathon",2016,FALSE
"HILARY CORNO","HILARY CORNO","Boston Marathon",2016,FALSE
"MARY JOY TABAL","MARY TABAL","Boston Marathon",2016,FALSE
"AILSA MACDONALD","AILSA MACDONALD","Boston Marathon",2016,FALSE
"HILARY DIONNE","HILARY DIONNE","Boston Marathon",2016,FALSE
"LAURA HAGLEY","LAURA HAGLEY","Boston Marathon",2016,FALSE
"NICOLE MICHMERHUIZEN","NICOLE MICHMERHUIZEN","Boston Marathon",2016,FALSE
"STEPHANIE ANDRE","STEPHANIE ANDRE","Boston Marathon",2016,FALSE
"RACHEL COOGAN","RACHEL COOGAN","Boston Marathon",2016,FALSE
"LEAH FROST","LEAH FROST","Boston Marathon",2016,FALSE
"AMBER GREEN","AMBER GREEN","Boston Marathon",2016,FALSE
"EDNA KIPLAGAT","EDNA KIPLAGAT","Boston Marathon",2017,TRUE
"DESIREE LINDEN","DESIREE LINDEN","Boston Marathon",2017,FALSE
"VALENTINE KIPKETER","VALENTINE KIPKETER","Boston Marathon",2017,FALSE
"BUZUNESH DEBA","BUZUNESH DEBA","Boston Marathon",2017,FALSE
"DIANE NUKURI","DIANE NUKURI","Boston Marathon",2017,FALSE
"LINDSAY FLANAGAN","LINDSEY FLANAGAN","Boston Marathon",2017,FALSE
"ESTHER ATKINS","ESTHER ATKINS","Boston Marathon",2017,FALSE
"DOT MCMAHAN","DOT MCMAHAN","Boston Marathon",2017,FALSE
"TERESA MCWALTERS","TERESA MCWALTERS","Boston Marathon",2017,FALSE
"CARRIE DIMOFF","CARRIE DIMOFF","Boston Marathon",2017,FALSE
"MADELINE DUHON","MADELINE DUHON","Boston Marathon",2017,FALSE
"LAUREN PHILBROOK","LAUREN PHILBROOK","Boston Marathon",2017,FALSE
"ATSEDE BAYSA","ATSEDE BAYSA","Boston Marathon",2017,NA
"RACHEL HANNAH","RACHEL HANNAH","Boston Marathon",2017,FALSE
"HILARY CORNO","HILARY CORNO","Boston Marathon",2017,FALSE
"CAITLIN E. PHILLIPS","CAITLIN PHILLIPS","Boston Marathon",2017,NA
"STEPHANIE ANDRE","STEPHANIE ANDRE","Boston Marathon",2017,FALSE
"ALEXANDRA BERNARDI","ALEXANDRA E. BERNARDI","Boston Marathon",2017,FALSE
"NORA COLLIGAN","NORA COLLIGAN","Boston Marathon",2017,FALSE
"RACHEL COOGAN","RACHEL COOGAN","Boston Marathon",2017,FALSE
"KATIE SCHIEMANN","KATIE M. SCHIEMANN","Boston Marathon",2017,FALSE
"AMANDA NURSE","AMANDA NURSE","Boston Marathon",2017,FALSE
"DESIREE LINDEN","DESIREE LINDEN","Boston Marathon",2018,FALSE
"KRISTA DUCHENE","KRISTA DUCHENE","Boston Marathon",2018,FALSE
"RACHEL HYLAND","RACHEL HYLAND","Boston Marathon",2018,FALSE
"SHALANE FLANAGAN","SHALANE FLANAGAN","Boston Marathon",2018,TRUE
"KIMI REED","KIMI REED","Boston Marathon",2018,FALSE
"EDNA KIPLAGAT","EDNA KIPLAGAT","Boston Marathon",2018,TRUE
"DOT MCMAHAN","DOT MCMAHAN","Boston Marathon",2018,FALSE
"MARGARET VIDO","MARGARET VIDO","Boston Marathon",2018,FALSE
"MOLLY HUDDLE","MOLLY HUDDLE","Boston Marathon",2018,FALSE
"SERENA BURLA","SERENA BURLA","Boston Marathon",2018,TRUE
"KELLY CALWAY","KELLY CALWAY","Boston Marathon",2018,TRUE
"JESSICA DRASKAU PETERSSON","JESSICA DRASKAU PETERSSON","Boston Marathon",2018,FALSE
"AMANDA NURSE","AMANDA NURSE","Boston Marathon",2018,FALSE
"KELBY LAUGHNER","KELBY LAUGHNER","Boston Marathon",2018,FALSE
"STEPHANIE ANDRE","STEPHANIE ANDRE","Boston Marathon",2018,TRUE
"EDNA KIPLAGAT","EDNA KIPLAGAT","Boston Marathon",2019,TRUE
"MESKEREM ASSEFA","MESKEREM ASSEFA","Boston Marathon",2019,TRUE
"DESIREE LINDEN","DESIREE LINDEN","Boston Marathon",2019,FALSE
"CAROLINE ROTICH","CAROLINE ROTICH","Boston Marathon",2019,FALSE
"LINDSAY FLANAGAN","LINDSAY FLANAGAN","Boston Marathon",2019,FALSE
"SHARON CHEROP","SHARON CHEROP","Boston Marathon",2019,NA
"SARA HALL","SARA HALL","Boston Marathon",2019,FALSE
"REBECCA (BECKY) WADE","BECKY WADE","Boston Marathon",2019,TRUE
"HILARY DIONNE","HILARY DIONNE","Boston Marathon",2019,TRUE
"KATE PALLARDY","KATE PALLARDY","Boston Marathon",2019,TRUE
"KIMI REED","KIMI REED","Boston Marathon",2019,TRUE
"CAITLIN CHRISMAN","CAITLIN CHRISMAN","Boston Marathon",2019,TRUE
"DOT MCMAHAN","DOT MCMAHAN","Boston Marathon",2019,FALSE
"AMANDA NURSE","AMANDA NURSE","Boston Marathon",2019,NA
"RACHEL HYLAND","RACHEL HYLAND","Boston Marathon",2019,FALSE
"CHRISTINA VERGARA ALESHIRE","CHRISTINA VERGARA-ALESHIRE","Boston Marathon",2019,FALSE
"RACHEL COOGAN","RACHEL COOGAN","Boston Marathon",2019,FALSE
"KRISTA DUCHENE","KRISTA DUCHENE","Boston Marathon",2019,FALSE
"MARGARET VIDO","MARGARET VIDO","Boston Marathon",2019,FALSE
"MADELINE DUHON","MADELINE DUHON","Boston Marathon",2019,FALSE
"SARAH CROUCH","SARAH CROUCH","Boston Marathon",2019,FALSE
"JENELLE DEATHERAGE","JENELLE DEATHERAGE","Boston Marathon",2019,FALSE
"SHALUINN FULLOVE","SHALUINN FULLOVE","Boston Marathon",2019,TRUE
"LAUREN PHILBROOK","LAUREN PHILBROOK","Boston Marathon",2019,FALSE
"AILSA MACDONALD","AILSA MACDONALD","Boston Marathon",2019,FALSE
"TINA MUIR","TINA MUIR","Boston Marathon",2019,FALSE
"SERKALEM ABRHA","SERKALEM ABRHA","Cal Intl Marathon",2015,FALSE
"MOLLY GREENE","MOLLY GREENE","Cal Intl Marathon",2015,FALSE
"GISELA OLALDE GRANADOS","GISELA OLALDE","Cal Intl Marathon",2015,FALSE
"JANE KIBII","JANE KIBII","Cal Intl Marathon",2015,FALSE
"JEANNA COMPOSTI","JEANNA COMPOSTI","Cal Intl Marathon",2015,FALSE
"MADELINE DUHON","MADELINE DUHON","Cal Intl Marathon",2015,FALSE
"SARAH KIPTOO","SARAH KIPTOO","Cal Intl Marathon",2015,FALSE
"AMANDA NURSE","AMANDA NURSE","Cal Intl Marathon",2015,FALSE
"JULIA ROMAN-DUVAL","JULIA ROMAN-DUVAL","Cal Intl Marathon",2015,FALSE
"SAMANTHA BLUSKE","SAMANTHA BLUSKE","Cal Intl Marathon",2015,FALSE
"CYNTHIA FOWLER","CYNTHIA FOWLER","Cal Intl Marathon",2015,FALSE
"SHALUINN FULLOVE","SHALUINN FULLOVE","Cal Intl Marathon",2015,FALSE
"ANITA PEREZ","ANITA PEREZ","Cal Intl Marathon",2015,FALSE
"CHRISTINE SHAW","CHRISTINE SHAW","Cal Intl Marathon",2015,FALSE
"LIZA REICHERT","LIZA REICHERT","Cal Intl Marathon",2015,FALSE
"NEASA COLL","NEASA COLL","Cal Intl Marathon",2015,FALSE
"LYNDY DAVIS","LYNDY DAVIS","Cal Intl Marathon",2015,FALSE
"SARAH MACKAY ROBINSON","SARAH MACKAY ROBINSON","Cal Intl Marathon",2015,FALSE
"MELISSA HARDESTY","MELISSA HARDESTY","Cal Intl Marathon",2015,FALSE
"LEAH FROST","LEAH FROST","Cal Intl Marathon",2015,FALSE
"SABINA PIRAS","SABINA PIRAS","Cal Intl Marathon",2015,FALSE
"ALEXANDRA CADICAMO","ALEXANDRA CADICAMO","Cal Intl Marathon",2015,FALSE
"KRISTEN CARTER SCHAFER","KRISTEN CARTER SCHAFER","Cal Intl Marathon",2015,FALSE
"HEATHER MCWHIRTER","HEATHER MCWHIRTER","Cal Intl Marathon",2015,FALSE
"NORA COLLIGAN","NORA COLLIGAN","Cal Intl Marathon",2015,FALSE
"KAITLIN SHEEDY","KAITLIN SHEEDY","Cal Intl Marathon",2015,FALSE
"ALEXANDRA BERNARDI","ALEXANDRA BERNARDI","Cal Intl Marathon",2015,FALSE
"SHAWNA MCCLAIN","SHAWNA MCCLAIN","Cal Intl Marathon",2015,FALSE
"LINNABAH SNYDER","LINNABAH SNYDER","Cal Intl Marathon",2015,FALSE
"LAUREN FOG","LAUREN FOG","Cal Intl Marathon",2015,FALSE
"SARAH KIPTOO","SARAH KIPTOO","Cal Intl Marathon",2016,FALSE
"STEPHANIE BRUCE","STEPHANIE BRUCE","Cal Intl Marathon",2016,FALSE
"LAUREN JIMISON","LAUREN JIMISON","Cal Intl Marathon",2016,FALSE
"SAMANTHA BLUSKE","SAMANTHA BLUSKE","Cal Intl Marathon",2016,FALSE
"TINA MUIR","TINA MUIR","Cal Intl Marathon",2016,FALSE
"ASHLEY BRASOVAN","ASHLEY BRASOVAN","Cal Intl Marathon",2016,FALSE
"LISSA ZIMMER","LISSA ZIMMER","Cal Intl Marathon",2016,FALSE
"KATE DEPROSPERIS","KATE DEPROSPERIS","Cal Intl Marathon",2016,FALSE
"HILARY CORNO","HILARY CORNO","Cal Intl Marathon",2016,FALSE
"MERRILEE BLACKHAM","MERRILEE BLACKHAM","Cal Intl Marathon",2016,FALSE
"MELISSA TANNER","MELISSA TANNER","Cal Intl Marathon",2016,FALSE
"JENNIFER BERGMAN","JENNIFER BERGMAN","Cal Intl Marathon",2016,FALSE
"SARA HALL","SARA HALL","Cal Intl Marathon",2017,FALSE
"CARRIE DIMOFF","CARRIE DIMOFF","Cal Intl Marathon",2017,TRUE
"SAMANTHA BLUSKE","SAMANTHA BLUSKE","Cal Intl Marathon",2017,FALSE
"KELSEY BRUCE","KELSEY BRUCE","Cal Intl Marathon",2017,FALSE
"JANET BAWCOM","JANET BAWCOM","Cal Intl Marathon",2017,TRUE
"MADELINE DUHON","MADELINE DUHON","Cal Intl Marathon",2017,FALSE
"MEGHAN PEYTON","MEGHAN PEYTON","Cal Intl Marathon",2017,FALSE
"LYNDY DAVIS","LYNDY DAVIS","Cal Intl Marathon",2017,FALSE
"ASHLEY BRASOVAN","ASHLEY BRASOVAN","Cal Intl Marathon",2017,FALSE
"HEATHER LIEBERG","HEATHER LIEBERG","Cal Intl Marathon",2017,FALSE
"KATIE KELLNER","KATIE KELLNER","Cal Intl Marathon",2017,FALSE
"SHAWNA MCCLAIN","SHAWNA MCCLAIN","Cal Intl Marathon",2017,FALSE
"JENNIFER BERGMAN","JENNIFER BERGMAN","Cal Intl Marathon",2017,FALSE
"JENELLE DEATHERAGE","JENELLE DEATHERAGE","Cal Intl Marathon",2017,FALSE
"CHRISTINE SHAW","CHRISTINE SHAW","Cal Intl Marathon",2017,FALSE
"KATE DEPROSPERIS","KATE DEPROSPERIS","Cal Intl Marathon",2017,FALSE
"LAUREN PHILBROOK","LAUREN PHILBROOK","Cal Intl Marathon",2017,FALSE
"JULIA ROMAN-DUVAL","JULIA ROMAN-DUVAL","Cal Intl Marathon",2017,FALSE
"CAITLIN SMITH","CAITLIN SMITH","Cal Intl Marathon",2017,FALSE
"HILARY CORNO","HILARY CORNO","Cal Intl Marathon",2017,FALSE
"ANDIE COZZARELLI","ANDIE COZZARELLI","Cal Intl Marathon",2017,FALSE
"GINA SLABY","GINA SLABY","Cal Intl Marathon",2017,FALSE
"STEPHANIE BRUCE","STEPHANIE BRUCE","Cal Intl Marathon",2018,FALSE
"MAEGAN KRIFCHIN","MAEGAN KRIFCHIN","Cal Intl Marathon",2018,FALSE
"HILARY DIONNE","HILARY DIONNE","Cal Intl Marathon",2018,TRUE
"KIMI REED","KIMI REED","Cal Intl Marathon",2018,TRUE
"MEGHAN PEYTON","MEGHAN PEYTON","Cal Intl Marathon",2018,TRUE
"ESTHER ATKINS","ESTHER ATKINS","Cal Intl Marathon",2018,TRUE
"JULIA ROMAN-DUVAL","JULIA ROMAN-DUVAL","Cal Intl Marathon",2018,TRUE
"RACHEL HYLAND","RACHEL HYLAND","Cal Intl Marathon",2018,FALSE
"HEATHER LIEBERG","HEATHER LIEBERG","Cal Intl Marathon",2018,FALSE
"AMANDA PHILLIPS","AMANDA PHILLIPS","Cal Intl Marathon",2018,FALSE
"ALLISON MACSAS","ALLISON MACSAS","Cal Intl Marathon",2018,FALSE
"TERESA MCWALTERS","TERESA MCWALTERS","Cal Intl Marathon",2018,FALSE
"AMANDA SCOTT","AMANDA SCOTT","Cal Intl Marathon",2018,TRUE
"SARAH CUMMINGS","SARAH CUMMINGS","Cal Intl Marathon",2018,TRUE
"MELISSA BURKART","MELISSA BURKART","Cal Intl Marathon",2018,FALSE
"LAURA HARNISH","LAURA HARNISH","Cal Intl Marathon",2018,FALSE
"KATE DEPROSPERIS","KATE DEPROSPERIS","Cal Intl Marathon",2018,TRUE
"LISSA ZIMMER","LISSA ZIMMER","Cal Intl Marathon",2018,FALSE
"JANE KIBII","JANE KIBII","Cal Intl Marathon",2019,TRUE
"OBSIE BIRRU","OBSIE BIRRU","Cal Intl Marathon",2019,TRUE
"KATJA GOLDRING","KATJA GOLDRING","Cal Intl Marathon",2019,TRUE
"KRISTEN CARTER SCHAFER","KRISTEN SCHAFER","Cal Intl Marathon",2019,TRUE
"AILSA MACDONALD","AILSA MACDONALD","Cal Intl Marathon",2019,FALSE
"FLORENCE KIPLAGAT","FLORENCE KIPLAGAT","Chicago Marathon",2015,FALSE
"YEBRGUAL MELESE","YEBRGUAL MELESE","Chicago Marathon",2015,FALSE
"BIRHANE DIBABA","BIRHANE DIBABA","Chicago Marathon",2015,FALSE
"KAYOKO FUKUSHI","KAYOKO FUKUSHI","Chicago Marathon",2015,FALSE
"MULU SEBOKA","MULU SEBOKA","Chicago Marathon",2015,FALSE
"MESKEREM ASSEFA","MESKEREM ASSEFA","Chicago Marathon",2015,FALSE
"DEENA KASTOR","DEENA KASTOR","Chicago Marathon",2015,FALSE
"DIANE NUKURI","DIANE NUKURI","Chicago Marathon",2015,FALSE
"JESSICA DRASKAU PETERSSON","JESSICA DRASKAU PETERSSON","Chicago Marathon",2015,FALSE
"SARA HALL","SARA HALL","Chicago Marathon",2015,FALSE
"SUSAN PARTRIDGE","SUSAN PARTRIDGE","Chicago Marathon",2015,FALSE
"SARAH CROUCH","SARAH CROUCH","Chicago Marathon",2015,FALSE
"FIONNUALA BRITTON","FIONNUALA BRITTON","Chicago Marathon",2015,FALSE
"MONIKA JUODESKAITE","MONIKA JUODESKAITE","Chicago Marathon",2015,FALSE
"MARITZA ARENAS","MARITZA ARENAS","Chicago Marathon",2015,FALSE
"TERA MOODY","TERA MOODY","Chicago Marathon",2015,FALSE
"RACHEL HYLAND","RACHEL HYLAND","Chicago Marathon",2015,FALSE
"LAURA HARNISH","LAURA HARNISH","Chicago Marathon",2015,FALSE
"ERIN MOELLER","ERIN MOELLER","Chicago Marathon",2015,FALSE
"LAUREN KERSJES","LAUREN KERSJES","Chicago Marathon",2015,FALSE
"MARIA ELENA CALLE","MARIA ELENA CALLE","Chicago Marathon",2015,FALSE
"YOLYMAR PINEDA","YOLYMAR PINEDA","Chicago Marathon",2015,FALSE
"TAYLOR WARD","TAYLOR WARD","Chicago Marathon",2015,FALSE
"ALEXANDRA BERNARDI","ALEXANDRA BERNARDI","Chicago Marathon",2015,FALSE
"KATIE SCHIEMANN","KATIE SCHIEMANN","Chicago Marathon",2015,FALSE
"CHIRINE NJEIM","CHIRINE NJEIM","Chicago Marathon",2015,FALSE
"AMANDA SCOTT","AMANDA SCOTT","Chicago Marathon",2015,FALSE
"LYNDY DAVIS","LYNDY DAVIS","Chicago Marathon",2015,FALSE
"FLORENCE KIPLAGAT","FLORENCE KIPLAGAT","Chicago Marathon",2016,FALSE
"EDNA KIPLAGAT","EDNA KIPLAGAT","Chicago Marathon",2016,FALSE
"VALENTINE KIPKETER","VALENTINE KIPKETER","Chicago Marathon",2016,FALSE
"PURITY RIONORIPO","PURITY RIONORIPO","Chicago Marathon",2016,FALSE
"YEBRGUAL MELESE","YEBRGUAL MELESE","Chicago Marathon",2016,FALSE
"ATSEDE BAYSA","ATSEDE BAYSA","Chicago Marathon",2016,FALSE
"SERENA BURLA","SERENA BURLA","Chicago Marathon",2016,FALSE
"AGNIESZKA MIERZEJEWSKA","AGNIESZKA MIERZEJEWSKA","Chicago Marathon",2016,FALSE
"SARAH CROUCH","SARAH CROUCH","Chicago Marathon",2016,FALSE
"ALIA GRAY","ALIA GRAY","Chicago Marathon",2016,FALSE
"LAURIE KNOWLES","LAURIE KNOWLES","Chicago Marathon",2016,FALSE
"FREYA ROSS","FREYA ROSS","Chicago Marathon",2016,FALSE
"LAUREN PHILBROOK","LAUREN PHILBROOK","Chicago Marathon",2016,FALSE
"CAITLIN CHRISMAN","CAITLIN CHRISMAN","Chicago Marathon",2016,FALSE
"KRISTEN HECKERT","KRISTEN HECKERT","Chicago Marathon",2016,FALSE
"EMMA POLLEY","EMMA POLLEY","Chicago Marathon",2016,FALSE
"AMANDA SCOTT","AMANDA SCOTT","Chicago Marathon",2016,FALSE
"JULIA ROMAN-DUVAL","JULIA ROMAN-DUVAL","Chicago Marathon",2016,FALSE
"STEPHANIE ANDRE","STEPHANIE ANDRE","Chicago Marathon",2016,FALSE
"LAUREN KERSJES","LAUREN KERSJES","Chicago Marathon",2016,FALSE
"NICOLE MICHMERHUIZEN","NICOLE MICHMERHUIZEN","Chicago Marathon",2016,FALSE
"RACHEL HYLAND","RACHEL HYLAND","Chicago Marathon",2016,FALSE
"KELBY LAUGHNER","KELBY LAUGHNER","Chicago Marathon",2016,FALSE
"TERA MOODY","TERA MOODY","Chicago Marathon",2016,FALSE
"VALENTINE KIPKETER","VALENTINE KIPKETER","Chicago Marathon",2017,TRUE
"LISA WEIGHTMAN","LISA WEIGHTMAN","Chicago Marathon",2017,FALSE
"MAEGAN KRIFCHIN","MAEGAN KRIFCHIN","Chicago Marathon",2017,FALSE
"ALIA GRAY","ALIA GRAY","Chicago Marathon",2017,FALSE
"TAYLOR WARD","TAYLOR WARD","Chicago Marathon",2017,FALSE
"REBECCA (BECKY) WADE","BECKY WADE","Chicago Marathon",2017,FALSE
"DOT MCMAHAN","DOT MCMAHAN","Chicago Marathon",2017,FALSE
"KIMI REED","KIMI REED","Chicago Marathon",2017,FALSE
"SARAH CROUCH","SARAH CROUCH","Chicago Marathon",2017,FALSE
"JESSICA DRASKAU PETERSSON","JESSICA DRASKAU PETERSSON","Chicago Marathon",2017,NA
"CHRISTINA VERGARA ALESHIRE","CHRISTINA VERGARA-ALESHIRE","Chicago Marathon",2017,FALSE
"KRISTEN HECKERT","KRISTEN HECKERT","Chicago Marathon",2017,FALSE
"CHIRINE NJEIM","CHIRINE NJEIM","Chicago Marathon",2017,TRUE
"STEPHANIE ANDRE","STEPHANIE ANDRE","Chicago Marathon",2017,TRUE
"CAITLIN CHRISMAN","CAITLIN CHRISMAN","Chicago Marathon",2017,FALSE
"ANITA PEREZ","ANITA PEREZ","Chicago Marathon",2017,FALSE
"JENELLE DEATHERAGE","JENELLE DEATHERAGE","Chicago Marathon",2017,NA
"LAUREN KERSJES","LAUREN KERSJES","Chicago Marathon",2017,FALSE
"SHURE DEMISE","SHURE DEMISE","Chicago Marathon",2018,FALSE
"FLORENCE KIPLAGAT","FLORENCE KIPLAGAT","Chicago Marathon",2018,FALSE
"SARAH CROUCH","SARAH CROUCH","Chicago Marathon",2018,FALSE
"TAYLOR WARD","TAYLOR WARD","Chicago Marathon",2018,TRUE
"GWEN JORGENSEN","GWEN JORGENSEN","Chicago Marathon",2018,TRUE
"AMANDA MARINO","AMANDA MARINO","Chicago Marathon",2018,TRUE
"HILARY CORNO","HILARY CORNO","Chicago Marathon",2018,FALSE
"CHIRINE NJEIM","CHIRINE NJEIM","Chicago Marathon",2018,NA
"JESSICA DRASKAU PETERSSON","JESS DRASKAU PETERSSON","Chicago Marathon",2018,NA
"MERRILEE BLACKHAM","MERRILEE BLACKHAM","Chicago Marathon",2018,FALSE
"LINGLING JIN","LINGLING JIN","Chicago Marathon",2018,FALSE
"YOLYMAR PINEDA","YOLYMAR PINEDA","Chicago Marathon",2018,FALSE
"STEPHANIE BRUCE","STEPHANIE BRUCE","Chicago Marathon",2019,FALSE
"LINDSAY FLANAGAN","LINDSAY FLANAGAN","Chicago Marathon",2019,FALSE
"LAURA THWEATT","LAURA THWEATT","Chicago Marathon",2019,FALSE
"LISA WEIGHTMAN","LISA WEIGHTMAN","Chicago Marathon",2019,NA
"TAYLOR WARD","TAYLOR WARD","Chicago Marathon",2019,TRUE
"JENNIFER BERGMAN","JENNIFER BERGMAN","Chicago Marathon",2019,TRUE
"JULIA ROMAN-DUVAL","JULIA ROMAN-DUVAL","Chicago Marathon",2019,NA
"KRISTEN HECKERT","KRISTEN HECKERT","Chicago Marathon",2019,TRUE
"LAUREN KERSJES","LAUREN KERSJES","Chicago Marathon",2019,TRUE
"CHIRINE NJEIM","CHIRINE NJEIM","Chicago Marathon",2019,TRUE
"JOVANA DE LA CRUZ CAPANI","JOVANA DE LA CRUZ","Chicago Marathon",2019,TRUE
"NATASHA LABEAUD","NATASHA LABEAUD","Chicago Marathon",2019,FALSE
"LISSA ZIMMER","LISSA ZIMMER","Chicago Marathon",2019,FALSE
"JEN ROCK","JEN ROCK","Chicago Marathon",2019,FALSE
"LOICE KANGOGO","LOICE KANGOGO","Columbus Marathon",2015,FALSE
"ELLIE HESS","ELLIE HESS","Columbus Marathon",2015,FALSE
"SARA POLATAS","SARA POLATAS","Columbus Marathon",2015,FALSE
"BECKI SPELLMAN","BECKI SPELLMAN","Columbus Marathon",2015,FALSE
"ANNE FLOWER","ANNE FLOWER","Columbus Marathon",2016,FALSE
"LOICE KANGOGO","LOICE KANGOGO","Columbus Marathon",2016,FALSE
"SARA POLATAS","SARA POLATAS","Columbus Marathon",2016,FALSE
"ANNE FLOWER","ANNE FLOWER","Columbus Marathon",2017,FALSE
"ANNE FLOWER","ANNE FLOWER","Columbus Marathon",2018,FALSE
"CLARA SANTUCCI","CLARA SANTUCCI","Columbus Marathon",2019,TRUE
"CATHERINE WATKINS","CATHERINE WATKINS","Eugene Marathon",2015,FALSE
"EMILY HARRISON","EMILY HARRISON","Eugene Marathon",2015,FALSE
"ERIN VERGARA","ERIN NEHUS-VERGARA","Eugene Marathon",2015,FALSE
"YELENA NANAZIASHVILI","YELENA NANAZIASHVILI","Eugene Marathon",2017,FALSE
"BECKI SPELLMAN","BECKI SPELLMAN","Eugene Marathon",2018,TRUE
"JANE KIBII","JANE KIBII","Grandma's Marathon",2015,FALSE
"LINDSEY SCHERF","LINDSEY SCHERF","Grandma's Marathon",2015,FALSE
"SARAH KIPTOO","SARAH KIPTOO","Grandma's Marathon",2015,FALSE
"MARCI GAGE","MARCI GAGE","Grandma's Marathon",2015,FALSE
"DOT MCMAHAN","DOT MCMAHAN","Grandma's Marathon",2015,FALSE
"CAITLIN COMFORT","CAITLIN COMFORT","Grandma's Marathon",2015,FALSE
"SUSANNA SULLIVAN","SUSANNA SULLIVAN","Grandma's Marathon",2015,FALSE
"KIMI REED","KIMI REED","Grandma's Marathon",2015,FALSE
"POLINA CARLSON","POLINA CARLSON","Grandma's Marathon",2015,FALSE
"ERICA BRASWELL","ERICA BRASWELL","Grandma's Marathon",2015,FALSE
"JENELLE DEATHERAGE","JENELLE DEATHERAGE","Grandma's Marathon",2015,FALSE
"CHRISTINA VERGARA ALESHIRE","CHRISTINA VERGARA ALESHIRE","Grandma's Marathon",2015,FALSE
"CAROL SMITH","CAROL SMITH","Grandma's Marathon",2015,FALSE
"JEN ROCK","JEN ROCK","Grandma's Marathon",2015,FALSE
"LORING CROWLEY","LORING CROWLEY","Grandma's Marathon",2015,FALSE
"AMBER GREEN","AMBER GREEN","Grandma's Marathon",2015,FALSE
"KELSI NUTTER","KELSI NUTTER","Grandma's Marathon",2015,FALSE
"COURTNEY BREWIS","COURTNEY BREWIS","Grandma's Marathon",2015,FALSE
"CAITLIN SMITH","CAITLIN SMITH","Grandma's Marathon",2015,FALSE
"RACHEL HYLAND","RACHEL HYLAND","Grandma's Marathon",2015,FALSE
"ANITA PEREZ","ANITA PEREZ","Grandma's Marathon",2015,FALSE
"MELISSA HARDESTY","MELISSA HARDESTY","Grandma's Marathon",2015,FALSE
"LAUREN FOG","LAUREN FOG","Grandma's Marathon",2015,FALSE
"BECKI SPELLMAN","BECKI SPELLMAN","Grandma's Marathon",2015,FALSE
"CHRISTINE SHAW","CHRISTINE SHAW","Grandma's Marathon",2015,FALSE
"LINNABAH SNYDER","LINNABAH SNYDER","Grandma's Marathon",2015,FALSE
"SARAH KIPTOO","SARAH KIPTOO","Grandma's Marathon",2016,FALSE
"SERKALEM ABRHA","SERKALEM ABRHA","Grandma's Marathon",2016,FALSE
"CLARA SANTUCCI","CLARA SANTUCCI","Grandma's Marathon",2016,FALSE
"LAUREN JIMISON","LAUREN JIMISON","Grandma's Marathon",2016,FALSE
"KELSEY BRUCE","KELSEY BRUCE","Grandma's Marathon",2016,FALSE
"HEATHER LIEBERG","HEATHER LIEBERG","Grandma's Marathon",2016,FALSE
"SARAH CUMMINGS","SARAH CUMMINGS","Grandma's Marathon",2016,FALSE
"ESTHER ATKINS","ESTHER ATKINS","Grandma's Marathon",2016,FALSE
"GISELA OLALDE GRANADOS","GISELA OLALDE","Grandma's Marathon",2016,FALSE
"YELENA NANAZIASHVILI","YELENA NANAZIASHVILI","Grandma's Marathon",2016,FALSE
"AMANDA PHILLIPS","AMANDA PHILLIPS","Grandma's Marathon",2016,FALSE
"LOICE KANGOGO","LOICE KANGOGO","Grandma's Marathon",2016,FALSE
"SERKALEM ABRHA","SERKALEM ABRHA","Grandma's Marathon",2017,FALSE
"JANE KIBII","JANE KIBII","Grandma's Marathon",2017,FALSE
"LINDSEY SCHERF","LINDSEY SCHERF","Grandma's Marathon",2017,FALSE
"OBSIE BIRRU","OBSIE BIRRU","Grandma's Marathon",2017,FALSE
"AYANTU DAKEBO","AYANTU DAKEBO HAILEMARYAM","Grandma's Marathon",2017,FALSE
"MARY AKOR BEASLEY","MARY AKOR","Grandma's Marathon",2017,FALSE
"KELLYN TAYLOR","KELLYN TAYLOR","Grandma's Marathon",2018,FALSE
"SERKALEM ABRHA","SERKALEM ABRHA","Grandma's Marathon",2018,TRUE
"HEATHER LIEBERG","HEATHER LIEBERG","Grandma's Marathon",2018,TRUE
"ANITA PEREZ","ANITA PEREZ","Grandma's Marathon",2018,FALSE
"AMANDA SCOTT","AMANDA SCOTT","Grandma's Marathon",2018,FALSE
"KELLY CALWAY","KELLY CALWAY","Grandma's Marathon",2018,TRUE
"CAITLIN SMITH","CAITLIN SMITH","Grandma's Marathon",2018,TRUE
"AMBER GREEN","AMBER GREEN","Grandma's Marathon",2018,FALSE
"KELBY LAUGHNER","KELBY LAUGHNER","Grandma's Marathon",2018,FALSE
"ANDIE COZZARELLI","ANDIE COZZARELLI","Grandma's Marathon",2018,FALSE
"CAROL SMITH","CAROL SMITH","Grandma's Marathon",2018,FALSE
"AMANDA MARINO","AMANDA MARINO","Grandma's Marathon",2019,FALSE
"SARAH CUMMINGS","SARAH CUMMINGS","Grandma's Marathon",2019,TRUE
"SARAH KIPTOO","SARAH KIPTOO","Grandma's Marathon",2019,FALSE
"MARY AKOR BEASLEY","MARY AKOR","Grandma's Marathon",2019,FALSE
"HEATHER LIEBERG","HEATHER LIEBERG","Grandma's Marathon",2019,TRUE
"JENELLE DEATHERAGE","JENELLE DEATHERAGE","Grandma's Marathon",2019,FALSE
"POLINA CARLSON","POLINA CARLSON","Grandma's Marathon",2019,TRUE
"ANDIE COZZARELLI","ANDIE COZZARELLI","Grandma's Marathon",2019,FALSE
"YEBRGUAL ARAGE","YEBRGUAL ARAGE","Houston Marathon",2015,FALSE
"GUTENI IMANA","GUTENI IMANA","Houston Marathon",2015,FALSE
"BIRUKTAIT DEGEFA","BIRUKTAIT DEGEFA","Houston Marathon",2015,FALSE
"SECHALE DALASA","SECHALE DALASA","Houston Marathon",2015,FALSE
"FATUMA SADO","FATUMA SADO","Houston Marathon",2015,FALSE
"KELLYN TAYLOR","KELLYN TAYLOR","Houston Marathon",2015,FALSE
"SERENA BURLA","SERENA BURLA","Houston Marathon",2015,FALSE
"VIANEY DE LA ROSA","VIANEY DE LA ROSA","Houston Marathon",2015,FALSE
"LINDSAY FLANAGAN","LINDSAY FLANAGAN","Houston Marathon",2015,FALSE
"TAYLOR WARD","TAYLOR WARD","Houston Marathon",2015,FALSE
"LINGLING JIN","LINGLING JIN","Houston Marathon",2015,FALSE
"KATE PALLARDY","KATE PALLARDY","Houston Marathon",2015,FALSE
"DANIELLE MILLER","DANIELLE MILLER","Houston Marathon",2015,FALSE
"CATHERINE WATKINS","CATHERINE WATKINS","Houston Marathon",2015,FALSE
"MADELINE DUHON","MADELINE DUHON","Houston Marathon",2015,FALSE
"BIRUKTAIT DEGEFA","BIRUKTAYIT DEGEFA","Houston Marathon",2016,FALSE
"LISA WEIGHTMAN","LISA WEIGHTMAN","Houston Marathon",2016,FALSE
"SECHALE DALASA","SECHALE DALASA","Houston Marathon",2016,FALSE
"MARGARITA HERNANDEZ FLORES","MARGARITA HERNANDEZ FLORES","Houston Marathon",2016,FALSE
"JOVANA DE LA CRUZ CAPANI","JOVANA DE LA CRUZ CAPANI","Houston Marathon",2016,FALSE
"RACHEL HANNAH","RACHEL HANNAH","Houston Marathon",2016,FALSE
"AGNIESZKA GORTEL-MACIUK","AGNIESZKA GORTEL-MACIUK","Houston Marathon",2016,FALSE
"GUTENI SHONE","GUTENI SHONE","Houston Marathon",2016,FALSE
"ALIPHINE TULIAMUK-BOLTON","ALIPHINE TULIAMUK-BOLTON","Houston Marathon",2016,FALSE
"CINTHYA PAUCAR SEGURA","CINTHYA PAUCAR SEGURA","Houston Marathon",2016,FALSE
"AYANTU DAKEBO","AYANTU DAKEBO","Houston Marathon",2016,FALSE
"PAREDES SILVIA","PAREDES SILVIA","Houston Marathon",2016,FALSE
"JANE VONGVORACHOTI","JANE VONGVORACHOTI","Houston Marathon",2016,FALSE
"MARIA ELENA CALLE","MARIA ELENA CALLE","Houston Marathon",2016,FALSE
"ESMERALDA REBOLLEDO SALGADO","ESMERALDA REBOLLEDO SALGADO","Houston Marathon",2016,FALSE
"MEGAN SALOOM","MEGAN SALOOM","Houston Marathon",2016,FALSE
"KATIE SCHIEMANN","KATIE SCHIEMANN","Houston Marathon",2016,FALSE
"AMANDA SCOTT","AMANDA SCOTT","Houston Marathon",2016,FALSE
"AMY ROBILLARD","AMY ROBILLARD","Houston Marathon",2016,FALSE
"CHIRINE NJEIM","CHIRINE NJEIM","Houston Marathon",2016,FALSE
"CAROLINE BOLLER","CAROLINE BOLLER","Houston Marathon",2016,FALSE
"KATHERINE LORENA VELASQUEZ CAIZA","KATHERINE LORENA VELASQUEZ CAIZA","Houston Marathon",2016,FALSE
"NATTHAYA THANARONNAWAT","NATTHAYA THANARONNAWAT","Houston Marathon",2016,FALSE
"AILSA MACDONALD","AILSA MACDONALD","Houston Marathon",2016,FALSE
"MELISSA TANNER","MELISSA TANNER","Houston Marathon",2016,FALSE
"MESKEREM ASSEFA","MESKEREM ASSEFA WONDIMAGEGN","Houston Marathon",2017,FALSE
"BIRUKTAIT DEGEFA","BIRUKTAYIT DEGEFA","Houston Marathon",2017,FALSE
"REBECCA (BECKY) WADE","BECKY WADE","Houston Marathon",2017,FALSE
"SERKALEM ABRHA","SERKALEM ABRHA","Houston Marathon",2017,FALSE
"SARAH CROUCH","SARAH CROUCH","Houston Marathon",2017,FALSE
"ROCIO CANTARA ROJAS","ROCIO CANTARA","Houston Marathon",2017,NA
"BIRUKTAIT DEGEFA","BIRUKTAYIT DEGEFA","Houston Marathon",2018,FALSE
"SARAH CROUCH","SARAH CROUCH","Houston Marathon",2018,FALSE
"POLINA CARLSON","POLINA CARLSON","Houston Marathon",2018,FALSE
"KATIE SCHIEMANN","KATIE SCHIEMANN","Houston Marathon",2018,FALSE
"LEAH FROST","LEAH NOOK FROST","Houston Marathon",2018,NA
"MERRILEE BLACKHAM","MERRILEE BLACKHAM","Houston Marathon",2018,NA
"CAITLIN SMITH","CAITLIN SMITH","Houston Marathon",2018,FALSE
"BIRUKTAIT DEGEFA","BIRUKTAYIT DEGEFA","Houston Marathon",2019,FALSE
"SECHALE DALASA","SECHALE DALASA","Houston Marathon",2019,TRUE
"KELSEY BRUCE","KELSEY BRUCE","Houston Marathon",2019,TRUE
"MADELINE DUHON","MADELINE DUHON","Houston Marathon",2019,FALSE
"POLINA CARLSON","POLINA CARLSON","Houston Marathon",2019,TRUE
"LAUREN KERSJES","LAUREN KERSJES","Houston Marathon",2019,TRUE
"LAUREN FOG","LAUREN FOG","Houston Marathon",2019,TRUE
"ELIZABETH NORTHERN","ELIZABETH NORTHERN","Houston Marathon",2019,FALSE
"CHIRINE NJEIM","CHIRINE NJEIM","Houston Marathon",2019,TRUE
"DANIELLE MILLER","DANIELLE MILLER","Houston Marathon",2019,NA
"NICOLE MICHMERHUIZEN","NICOLE MICHMERHUIZEN","Indianapolis Mon Marathon",2015,FALSE
"MELISSA HARDESTY","MELISSA HARDESTY","Indianapolis Mon Marathon",2015,FALSE
"KATIE SCHIEMANN","KATIE SCHIEMANN","Indianapolis Mon Marathon",2015,FALSE
"ANDIE COZZARELLI","ANDIE COZZARELLI","Indianapolis Mon Marathon",2016,FALSE
"ANNE FLOWER","ANNE FLOWER","Indianapolis Mon Marathon",2016,FALSE
"KELBY LAUGHNER","KELBY LAUGHNER","Indianapolis Mon Marathon",2016,FALSE
"KELBY LAUGHNER","KELBY LAUGHNER","Indianapolis Mon Marathon",2017,FALSE
"WHITNEY BEVINS","WHITNEY BEVINS","Indianapolis Mon Marathon",2017,NA
"LAURIE KNOWLES","LAURIE KNOWLES","Indianapolis Mon Marathon",2018,TRUE
"ERIN VERGARA","ERIN VERGARA","Indianapolis Mon Marathon",2018,TRUE
"AMY ROBILLARD","AMY ROBILLARD","Indianapolis Mon Marathon",2018,FALSE
"ANDIE COZZARELLI","ANDIE COZZARELLI","Indianapolis Mon Marathon",2018,FALSE
"KELBY LAUGHNER","KELBY LAUGHNER","Indianapolis Mon Marathon",2018,FALSE
"WHITNEY BEVINS","WHITNEY BEVINS","Indianapolis Mon Marathon",2018,NA
"DOT MCMAHAN","DOT MCMAHAN","Indianapolis Mon Marathon",2019,FALSE
"AMANDA SCOTT","AMANDA SCOTT","Indianapolis Mon Marathon",2019,TRUE
"MELISSA JOHNSON-WHITE","MELISSA JOHNSON-WHITE","Indianapolis Mon Marathon",2019,FALSE
"AMY ROBILLARD","AMY ROBILLARD","Indianapolis Mon Marathon",2019,TRUE
"ANDIE COZZARELLI","ANDIE COZZARELLI","Indianapolis Mon Marathon",2019,FALSE
"WHITNEY BEVINS","WHITNEY HEINS","Indianapolis Mon Marathon",2019,TRUE
"OGLA JERONO KIMAIYO","OGLA JERONO KIMAIYO","LA Marathon",2015,FALSE
"NATALYA PUCHKOVA","NATALYA PUCHKOVA","LA Marathon",2015,FALSE
"BLAKE RUSSELL","BLAKE RUSSELL","LA Marathon",2015,FALSE
"MAO KURODA","MAO KURODA","LA Marathon",2015,FALSE
"HEATHER LIEBERG","HEATHER LIEBERG","LA Marathon",2015,FALSE
"BRIANNE NELSON","BRIANNE NELSON","LA Marathon",2015,FALSE
"JODIE ROBERTSON","JODIE ROBERTSON","LA Marathon",2015,FALSE
"REBECCA (BECKY) WADE","REBECCA (BECKY) WADE","LA Marathon",2015,FALSE
"KATHLEEN DICAMILLO","KATHLEEN DICAMILLO","LA Marathon",2015,FALSE
"LAUREN JIMISON","LAUREN JIMISON","LA Marathon",2015,FALSE
"MEGHAN PEYTON","MEGHAN PEYTON","LA Marathon",2015,FALSE
"SARAH CUMMINGS","SARAH CUMMINGS","LA Marathon",2015,FALSE
"RACHEL JATEN","RACHEL JATEN","LA Marathon",2015,FALSE
"SIMEGN ABNET","SIMEGN ABNET","LA Marathon",2015,FALSE
"CHRISTINA VERGARA ALESHIRE","CHRISTINA VERGARA ALESHIRE","LA Marathon",2015,FALSE
"MELISSA JOHNSON-WHITE","MELISSA JOHNSON-WHITE","LA Marathon",2015,FALSE
"AMBER WHITE","AMBER WHITE","LA Marathon",2015,FALSE
"SARA HALL","SARA HALL","LA Marathon",2015,FALSE
"CAITLIN SMITH","CAITLIN SMITH","LA Marathon",2015,FALSE
"MARY JOY TABAL","MARY JOY TABAL","LA Marathon",2015,FALSE
"ALEXANDRA BERNARDI","ALEXANDRA BERNARDI","LA Marathon",2015,FALSE
"NATALIYA LEHONKOVA","NATALIYA LEHONKOVA","LA Marathon",2016,FALSE
"SERKALEM ABRHA","SERKALEM ABRHA","LA Marathon",2016,FALSE
"JULIA BUDNIAK","JULIA BUDNIAK","LA Marathon",2016,FALSE
"JANE KIBII","JANE KIBII","LA Marathon",2017,FALSE
"BIRUKTAIT DEGEFA","BIRUKTAYIT DEGEFA","LA Marathon",2017,FALSE
"HEATHER LIEBERG","HEATHER LIEBERG","LA Marathon",2017,FALSE
"ANNA WEBER","ANNA WEBER","LA Marathon",2017,NA
"CHRISTINA VERGARA ALESHIRE","CHRISTINA VERGARA-ALESHIRE","LA Marathon",2018,FALSE
"JANE KIBII","JANE KIBII","LA Marathon",2018,FALSE
"HEATHER LIEBERG","HEATHER LIEBERG","LA Marathon",2018,FALSE
"CYNTHIA JEROP","CYNTHIA JEROP","LA Marathon",2019,NA
"JANE KIBII","JANE KIBII","LA Marathon",2019,NA
"TAYLOR WARD","TAYLOR WARD","LA Marathon",2019,NA
"MELISSA BURKART","MELISSA BURKART","Lakefront Marathon",2015,FALSE
"MARY KEITANY","MARY KEITANY","New York City Marathon",2015,FALSE
"ASELEFECH MERGIA","ASELEFECH MERGIA","New York City Marathon",2015,FALSE
"TIGIST TUFA","TIGIST TUFA","New York City Marathon",2015,FALSE
"SARA MOREIRA","SARA MOREIRA","New York City Marathon",2015,FALSE
"CHRISTELLE DAUNAY","CHRISTELLE DAUNAY","New York City Marathon",2015,FALSE
"PRISCAH JEPTOO","PRISCAH JEPTOO","New York City Marathon",2015,FALSE
"LAURA THWEATT","LAURA THWEATT","New York City Marathon",2015,FALSE
"JELENA PROKOPCUKA","JELENA PROKOPCUKA","New York City Marathon",2015,FALSE
"ANNA INCERTI","ANNA INCERTI","New York City Marathon",2015,FALSE
"CAROLINE ROTICH","CAROLINE ROTICH","New York City Marathon",2015,FALSE
"ROCIO CANTARA ROJAS","ROCIO CANTARA ROJAS","New York City Marathon",2015,FALSE
"CASSIE FIEN","CASSIE FIEN","New York City Marathon",2015,FALSE
"TERESA MCWALTERS","TERESA MCWALTERS","New York City Marathon",2015,FALSE
"MARISOL ROMERO","MARISOL ROMERO","New York City Marathon",2015,FALSE
"BEVERLY RAMOS","BEVERLY RAMOS","New York City Marathon",2015,FALSE
"EMMA NORDLING","EMMA NORDLING","New York City Marathon",2015,FALSE
"CHANGQIN DING","CHANGQIN DING","New York City Marathon",2015,FALSE
"CAROLINE WOSTMANN","CAROLINE WOSTMANN","New York City Marathon",2015,FALSE
"HILARY CORNO","HILARY CORNO","New York City Marathon",2015,FALSE
"STEPHANIE ANDRE","STEPHANIE ANDRE","New York City Marathon",2015,FALSE
"MARY KEITANY","MARY KEITANY","New York City Marathon",2016,FALSE
"SALLY KIPYEGO","SALLY KIPYEGO","New York City Marathon",2016,FALSE
"MOLLY HUDDLE","MOLLY HUDDLE","New York City Marathon",2016,FALSE
"JOYCE CHEPKIRUI","JOYCE CHEPKIRUI","New York City Marathon",2016,FALSE
"DIANE NUKURI","DIANE NUKURI","New York City Marathon",2016,FALSE
"ASELEFECH MERGIA","ASELEFECH MERGIA","New York City Marathon",2016,FALSE
"LANNI MARCHANT","LANNI MARCHANT","New York City Marathon",2016,FALSE
"NEELY SPENCE GRACEY","NEELY GRACEY","New York City Marathon",2016,FALSE
"SARA HALL","SARA HALL","New York City Marathon",2016,FALSE
"AYANTU DAKEBO","AYANTU DAKEBO HAILEMARYAM","New York City Marathon",2016,FALSE
"ESTHER ATKINS","ESTHER ATKINS","New York City Marathon",2016,FALSE
"DOT MCMAHAN","DOT MCMAHAN","New York City Marathon",2016,FALSE
"KELLYS ARIAS","KELLYS ARIAS","New York City Marathon",2016,FALSE
"GWEN JORGENSEN","GWEN JORGENSEN","New York City Marathon",2016,FALSE
"LAURA MANNINEN","LAURA MANNINEN","New York City Marathon",2016,FALSE
"KIM CONLEY","KIM CONLEY","New York City Marathon",2016,FALSE
"KELLY CALWAY","KELLY CALWAY","New York City Marathon",2016,FALSE
"EMMA NORDLING","EMMA NORDLING","New York City Marathon",2016,FALSE
"HILARY DIONNE","HILARY DIONNE","New York City Marathon",2016,FALSE
"JANET BAWCOM","JANET BAWCOM","New York City Marathon",2016,FALSE
"KATIE SCHIEMANN","KATIE SCHIEMANN","New York City Marathon",2016,FALSE
"SARAH MACKAY ROBINSON","SARAH ROBINSON","New York City Marathon",2016,FALSE
"SHALANE FLANAGAN","SHALANE FLANAGAN","New York City Marathon",2017,TRUE
"MARY KEITANY","MARY KEITANY","New York City Marathon",2017,FALSE
"MAMITU DASKA","MAMITU DASKA","New York City Marathon",2017,TRUE
"EDNA KIPLAGAT","EDNA KIPLAGAT","New York City Marathon",2017,TRUE
"KELLYN TAYLOR","KELLYN TAYLOR","New York City Marathon",2017,FALSE
"DIANE NUKURI","DIANE NUKURI","New York City Marathon",2017,FALSE
"STEPHANIE BRUCE","STEPHANIE BRUCE","New York City Marathon",2017,FALSE
"BUZUNESH DEBA","BUZUNESH DEBA","New York City Marathon",2017,FALSE
"CHRISTELLE DAUNAY","CHRISTELLE DAUNAY","New York City Marathon",2017,FALSE
"ALIPHINE TULIAMUK-BOLTON","ALIPHINE TULIAMUK","New York City Marathon",2017,FALSE
"SERKALEM ABRHA","SERKALEM BISET ABRHA","New York City Marathon",2017,FALSE
"LAURIE KNOWLES","LAURIE KNOWLES","New York City Marathon",2017,FALSE
"KATE PALLARDY","KATE PALLARDY","New York City Marathon",2017,FALSE
"BEVERLY RAMOS","BEVERLY RAMOS","New York City Marathon",2017,FALSE
"AMANDA MARINO","AMANDA MARINO","New York City Marathon",2017,FALSE
"ALEXANDRA CADICAMO","ALEXANDRA CADICAMO","New York City Marathon",2017,FALSE
"MARY KEITANY","MARY KEITANY","New York City Marathon",2018,FALSE
"SHALANE FLANAGAN","SHALANE FLANAGAN","New York City Marathon",2018,TRUE
"MOLLY HUDDLE","MOLLY HUDDLE","New York City Marathon",2018,FALSE
"DESIREE LINDEN","DESIREE LINDEN","New York City Marathon",2018,FALSE
"LISA WEIGHTMAN","LISA WEIGHTMAN","New York City Marathon",2018,TRUE
"MAMITU DASKA","MAMITU DASKA","New York City Marathon",2018,TRUE
"STEPHANIE BRUCE","STEPHANIE BRUCE","New York City Marathon",2018,FALSE
"CARRIE DIMOFF","CARRIE DIMOFF","New York City Marathon",2018,TRUE
"SAMANTHA BLUSKE","SAMANTHA BLUSKE","New York City Marathon",2018,TRUE
"BEVERLY RAMOS","BEVERLY RAMOS","New York City Marathon",2018,FALSE
"KELSEY BRUCE","KELSEY BRUCE","New York City Marathon",2018,FALSE
"MARY KEITANY","MARY KEITANY","New York City Marathon",2019,FALSE
"DESIREE LINDEN","DESIREE LINDEN","New York City Marathon",2019,FALSE
"KELLYN TAYLOR","KELLYN TAYLOR","New York City Marathon",2019,FALSE
"ALIPHINE TULIAMUK-BOLTON","ALIPHINE TULIAMUK","New York City Marathon",2019,FALSE
"ALIA GRAY","ALIA GRAY","New York City Marathon",2019,TRUE
"BIZUWORK GETAHUN","BIZUWORK GETAHUN KASAYE","New York City Marathon",2019,TRUE
"ABERU ZENNEBE","ABERU ZENNEBE","Ottawa Marathon",2015,FALSE
"REBECCA CHESIR","REBECCA CHESIR","Ottawa Marathon",2015,FALSE
"ABEBECH AFEWORK","ABEBECH AFEWORK","Ottawa Marathon",2015,FALSE
"AGNES KIPROP","AGNES KIPROP","Ottawa Marathon",2015,FALSE
"MESELECH MELKAMU","MESELECH MELKAMU","Ottawa Marathon",2015,FALSE
"YESHI ESAYIAS","YESHI ESAYIAS","Ottawa Marathon",2015,FALSE
"MELKAM GIZAW TOLA","MELKAM GIZAW TOLA","Ottawa Marathon",2015,FALSE
"ETAFERAHU TEMESGEN","ETAFERAHU TEMESGEN","Ottawa Marathon",2015,FALSE
"FANTU ETICHA JIMMA","FANTU ETICHA JIMMA","Ottawa Marathon",2015,FALSE
"RACHEL HANNAH","RACHEL HANNAH","Ottawa Marathon",2015,FALSE
"RIKA SHINTAKU","RIKA SHINTAKU","Ottawa Marathon",2015,FALSE
"SERKALEM ABRHA","SERKALEM ABRAHA","Ottawa Marathon",2015,FALSE
"MULUHABT TSEGA CHEKOL","MULUHABT TSEGA CHEKOL","Ottawa Marathon",2015,FALSE
"CATRIN JONES","CATRIN JONES","Ottawa Marathon",2015,FALSE
"KOREN JELELA","KOREN JELELA","Ottawa Marathon",2016,FALSE
"ABERU MEKURIA","ABERU MEKURIA","Ottawa Marathon",2016,FALSE
"SECHALE DALASA","SECHALE DALASA","Ottawa Marathon",2016,FALSE
"MAKIDA ABDELA","MAKIDA ABDELA","Ottawa Marathon",2016,FALSE
"TARAH KORIR","TARAH KORIR","Ottawa Marathon",2016,FALSE
"ARIANA HILBORN","ARIANA HILBORN","Ottawa Marathon",2016,FALSE
"MAOR TIYOURI","MAOR TIYOURI","Ottawa Marathon",2016,FALSE
"MARY JOY TABAL","MARY JOY TABAL","Ottawa Marathon",2016,FALSE
"NEASA COLL","NEASA COLL","Ottawa Marathon",2016,FALSE
"GUTENI IMANA","GUTENI IMANA","Ottawa Marathon",2017,FALSE
"ABERU MEKURIA","ABERU MEKURIA","Ottawa Marathon",2017,FALSE
"DAYNA PIDHORESKY","DAYNA PIDHORESKY","Ottawa Marathon",2017,FALSE
"KOREN JELELA","KOREN JELELA","Ottawa Marathon",2017,FALSE
"KATHERINE LORENA VELASQUEZ CAIZA","KATHERINE LORENA VELASQUEZ CAIZA","Ottawa Marathon",2017,FALSE
"SARA HALL","SARA HALL","Ottawa Marathon",2018,FALSE
"ABERU MEKURIA","ABERU MEKURIA","Ottawa Marathon",2018,FALSE
"ETAFERAHU TEMESGEN","ETAFERAHU TEMESGEN","Ottawa Marathon",2019,NA
"DAYNA PIDHORESKY","DAYNA PIDHORESKY","Ottawa Marathon",2019,TRUE
"KRISTA DUCHENE","KRISTA DUCHENE","Ottawa Marathon",2019,FALSE
"RACHEL HANNAH","RACHEL HANNAH","Ottawa Marathon",2019,FALSE
"YELENA NANAZIASHVILI","YELENA NANAZIASHVILI","Ottawa Marathon",2019,NA
"MARY JOY TABAL","MARY JOY TABAL","Ottawa Marathon",2019,FALSE
"GISELA OLALDE GRANADOS","GISELA OLALDE GRANADOS","Philadelphia Marathon",2015,FALSE
"MARGARET VIDO","MARGARET VIDO","Philadelphia Marathon",2015,FALSE
"HIRUT GUANGUL","HIRUT GUANGUL","Philadelphia Marathon",2015,FALSE
"RACHEL COOGAN","RACHEL COOGAN","Philadelphia Marathon",2015,FALSE
"TAYLOR WARD","TAYLOR WARD","Philadelphia Marathon",2016,FALSE
"SERKALEM ABRHA","SERKALEM ABRHA","Philadelphia Marathon",2016,FALSE
"VERA NUNES","VERA NUNES","Philadelphia Marathon",2016,FALSE
"MADELINE DUHON","MADELINE DUHON","Philadelphia Marathon",2016,FALSE
"AMANDA MARINO","AMANDA MARINO","Philadelphia Marathon",2016,FALSE
"RACHEL COOGAN","RACHEL COOGAN","Philadelphia Marathon",2016,FALSE
"MARY AKOR BEASLEY","MARY AKOR BEASLEY","Philadelphia Marathon",2016,FALSE
"MARGARET VIDO","MARGARET VIDO","Philadelphia Marathon",2016,FALSE
"SARAH KIPTOO","SARAH KIPTOO","Philadelphia Marathon",2017,FALSE
"HILARY DIONNE","HILARY DIONNE","Philadelphia Marathon",2017,FALSE
"RACHEL COOGAN","RACHEL COOGAN","Philadelphia Marathon",2017,FALSE
"SERKALEM ABRHA","SERKALEM ABRHA","Philadelphia Marathon",2018,TRUE
"ANNA WEBER","ANNA WEBER","Philadelphia Marathon",2018,FALSE
"SARAH KIPTOO","SARAH KIPTOO","Philadelphia Marathon",2018,FALSE
"MARGARET VIDO","MARGARET VIDO","Philadelphia Marathon",2018,FALSE
"ALEXANDRA BERNARDI","ALEXANDRA BERNARDI","Philadelphia Marathon",2018,FALSE
"KAITLIN SHEEDY","KAITLIN SHEEDY","Philadelphia Marathon",2019,TRUE
"RACHEL HYLAND","RACHEL HYLAND","Philadelphia Marathon",2019,FALSE
"CATRIN JONES","CATRIN JONES","Phoenix Marathon",2015,FALSE
"AILSA MACDONALD","AILSA MACDONALD","Phoenix Marathon",2015,FALSE
"POLINA CARLSON","POLINA CARLSON","Phoenix Marathon",2017,NA
"JANET BAWCOM","JANET CHEROBON-BAWCOM","Phoenix Marathon",2019,TRUE
"HIRUT GUANGUL","HIRUT GUANGUL","Richmond Marathon",2015,FALSE
"LOICE KANGOGO","LOICE KANGOGO","Richmond Marathon",2015,FALSE
"BIZUWORK GETAHUN","BIZUWORK GETAHUN","Richmond Marathon",2016,FALSE
"SUSANNA SULLIVAN","SUSANNA SULLIVAN","Richmond Marathon",2016,FALSE
"LOICE KANGOGO","LOICE KANGOGO","Richmond Marathon",2016,FALSE
"AYANTU DAKEBO","AYANTU DAKEBO HAILEMARIYAN","Richmond Marathon",2019,TRUE
"BIZUWORK GETAHUN","BIZUWORK GETAHUN KAYSAYE","Richmond Marathon",2019,TRUE
"SUSANNA SULLIVAN","SUSANNA SULLIVAN","Richmond Marathon",2019,TRUE
"SHURE DEMISE","SHURE DEMISE","Toronto Waterfront Marathon",2015,FALSE
"SHARON CHEROP","SHARON CHEROP","Toronto Waterfront Marathon",2015,FALSE
"FATUMA SADO","FATUMA SADO","Toronto Waterfront Marathon",2015,FALSE
"MONICA JEPKOECH","MONICA JEPKOECH","Toronto Waterfront Marathon",2015,FALSE
"LANNI MARCHANT","LANNI MARCHANT","Toronto Waterfront Marathon",2015,FALSE
"ATSEDE HABTAMU","ATSEDE HABTAMU","Toronto Waterfront Marathon",2015,FALSE
"KELLYS ARIAS","KELLYS ARIAS","Toronto Waterfront Marathon",2015,FALSE
"LESLIE SEXTON","LESLIE SEXTON","Toronto Waterfront Marathon",2015,FALSE
"JOVANA DE LA CRUZ CAPANI","JOVANA DE LA CRUZ CAPANI","Toronto Waterfront Marathon",2015,FALSE
"JENNY SPINK","JENNY SPINK","Toronto Waterfront Marathon",2015,FALSE
"NATASHA LABEAUD","NATASHA LABEAUD","Toronto Waterfront Marathon",2015,FALSE
"RHIANNON JOHNS","RHIANNON JOHNS","Toronto Waterfront Marathon",2015,FALSE
"TRACY BARLOW","TRACY BARLOW","Toronto Waterfront Marathon",2015,FALSE
"TARAH KORIR","TARAH KORIR","Toronto Waterfront Marathon",2015,FALSE
"SHURE DEMISE","SHURE DEMISE","Toronto Waterfront Marathon",2016,FALSE
"TADELECH BEKELE","TADELECH BEKELE","Toronto Waterfront Marathon",2016,FALSE
"REBECCA CHESIR","REBECCA CHESIR","Toronto Waterfront Marathon",2016,FALSE
"ASHETE BEKERE","ASHETE BEKERE","Toronto Waterfront Marathon",2016,FALSE
"KRISTA DUCHENE","KRISTA DUCHENE","Toronto Waterfront Marathon",2016,FALSE
"RACHEL HANNAH","RACHEL HANNAH","Toronto Waterfront Marathon",2016,FALSE
"FATUMA SADO","FATUMA SADO","Toronto Waterfront Marathon",2016,FALSE
"DAYNA PIDHORESKY","DAYNA PIDHORESKY","Toronto Waterfront Marathon",2016,FALSE
"NEASA COLL","NEASA COLL","Toronto Waterfront Marathon",2016,FALSE
"FATUMA SADO","FATUMA SADO","Toronto Waterfront Marathon",2017,FALSE
"LESLIE SEXTON","LESLIE SEXTON","Toronto Waterfront Marathon",2017,FALSE
"CATHERINE WATKINS","CATHERINE WATKINS","Toronto Waterfront Marathon",2017,FALSE
"AMANE BERISO","AMANE BERISO","Toronto Waterfront Marathon",2018,NA
"LESLIE SEXTON","LESLIE SEXTON","Toronto Waterfront Marathon",2018,FALSE
"KRISTA DUCHENE","KRISTA DUCHENE","Toronto Waterfront Marathon",2018,FALSE
"RACHEL HANNAH","RACHEL HANNAH","Toronto Waterfront Marathon",2018,FALSE
"JULIA BUDNIAK","JULIA BUDNIAK","Toronto Waterfront Marathon",2018,FALSE
"ETAFERAHU TEMESGEN","ETAFERAHU TEMESGEN","Toronto Waterfront Marathon",2019,NA
"DAYNA PIDHORESKY","DAYNA PIDHORESKY","Toronto Waterfront Marathon",2019,TRUE
"REBECCA (BECKY) WADE","BECKY WADE","Toronto Waterfront Marathon",2019,TRUE
"TARAH KORIR","TARAH KORIR","Toronto Waterfront Marathon",2019,TRUE
"MELISSA HARDESTY","MELISSA HARDESTY","Toronto Waterfront Marathon",2019,FALSE
"MARITZA ARENAS","MARITZA ARENAS","Toronto Waterfront Marathon",2019,FALSE
"ABRAHA SERKELAM BISET","ABRAHA SERKELAM BISET","Twin Cities Marathon",2015,FALSE
"JANE KIBII","JANE KIBII","Twin Cities Marathon",2015,FALSE
"ABNET YESHANBEL SIMEGEN","ABNET YESHANBEL SIMEGEN","Twin Cities Marathon",2015,FALSE
"SARAH KIPTOO","SARAH KIPTOO","Twin Cities Marathon",2015,FALSE
"OBSIE BIRRU","OBSIE BIRRU","Twin Cities Marathon",2015,FALSE
"ANNA WEBER","ANNA WEBER","Twin Cities Marathon",2015,FALSE
"ELIZABETH NORTHERN","ELIZABETH NORTHERN","Twin Cities Marathon",2015,FALSE
"AMBER WHITE","AMBER WHITE","Twin Cities Marathon",2015,FALSE
"HANNAH SCHAEFFER","HANNAH SCHAEFFER","Twin Cities Marathon",2015,FALSE
"CYNTHIA JEROP","CYNTHIA JEROP","Twin Cities Marathon",2015,FALSE
"JANE KIBII","JANE KIBII","Twin Cities Marathon",2016,FALSE
"SARAH KIPTOO","SARAH KIPTOO","Twin Cities Marathon",2016,FALSE
"SERKALEM ABRHA","SERKALEM ABRHA","Twin Cities Marathon",2016,FALSE
"AYANTU DAKEBO","AYANTU DAKEBO","Twin Cities Marathon",2016,FALSE
"OBSIE BIRRU","OBSIE BIRRU","Twin Cities Marathon",2016,FALSE
"JENELLE DEATHERAGE","JENELLE DEATHERAGE","Twin Cities Marathon",2016,FALSE
"JANE KIBII","JANE KIBII","Twin Cities Marathon",2017,FALSE
"SERKALEM ABRHA","SERKALEM ABRHA","Twin Cities Marathon",2017,FALSE
"SARAH KIPTOO","SARAH KIPTOO","Twin Cities Marathon",2017,FALSE
"KATIE SCHIEMANN","KATIE SCHIEMANN","Twin Cities Marathon",2017,FALSE
"KELBY LAUGHNER","KELBY LAUGHNER","Twin Cities Marathon",2017,NA
"SERKALEM ABRHA","SERKALEM ABRHA","Twin Cities Marathon",2018,TRUE
"SARAH KIPTOO","SARAH KIPTOO","Twin Cities Marathon",2018,FALSE
"SIMEGN ABNET","SIMEGN ABNET YESHANBEL","Twin Cities Marathon",2018,FALSE
"JANE KIBII","JANE KIBII","Twin Cities Marathon",2018,FALSE
"HEATHER LIEBERG","HEATHER LIEBERG","Twin Cities Marathon",2018,FALSE
"HEATHER LIEBERG","HEATHER LIEBERG","Twin Cities Marathon",2019,TRUE
"OBSIE BIRRU","OBSIE BIRRU","Twin Cities Marathon",2019,FALSE
"KIMI REED","KIMI REED","Twin Cities Marathon",2019,FALSE
"LIOUDMILA KORTCHAGUINA","LIOUDMILA KORTCHAGUINA","Vancouver Intl Marathon",2015,FALSE
"HIRUT GUANGUL","HIRUT GUANGUL","Vancouver Intl Marathon",2015,FALSE
"HIRUT GUANGUL","HIRUT GUANGUL","Vancouver Intl Marathon",2016,FALSE
"ALLISON MACSAS","ALLISON MACSAS","Vancouver Intl Marathon",2016,FALSE
"CATRIN JONES","CATRIN JONES","Vancouver Intl Marathon",2016,FALSE
"ALLISON MACSAS","ALLISON MACSAS","Vancouver Intl Marathon",2017,NA
"LIOUDMILA KORTCHAGUINA","LIOUDMILA KORTCHAGUINA","Vancouver Intl Marathon",2017,NA
"NEASA COLL","NEASA COLL","Vancouver Intl Marathon",2017,NA
"AILSA MACDONALD","AILSA MACDONALD","Vancouver Intl Marathon",2017,NA
"CATRIN JONES","CATRIN JONES","Vancouver Intl Marathon",2018,FALSE
"CATRIN JONES","CATRIN JONES","Vancouver Intl Marathon",2019,FALSE
"LEAH FROST","LEAH FROST","Vermont City Marathon",2015,FALSE
"MADELINE DUHON","MADELINE DUHON","Vermont City Marathon",2016,FALSE
"LEAH FROST","LEAH FROST","Vermont City Marathon",2016,FALSE
"MELISSA JOHNSON-WHITE","MELISSA WHITE","Wineglass Marathon",2017,NA
"LAURA HAGLEY","LAURA HAGLEY","Wineglass Marathon",2019,FALSE
"MELISSA JOHNSON-WHITE","MELISSA WHITE","Wineglass Marathon",2019,NA
"AMY CRAGG","AMY CRAGG","Women's Olympic Trials Marathon",2016,TRUE
"DESIREE LINDEN","DESIREE LINDEN","Women's Olympic Trials Marathon",2016,FALSE
"SHALANE FLANAGAN","SHALANE FLANAGAN","Women's Olympic Trials Marathon",2016,TRUE
"KARA GOUCHER","KARA GOUCHER","Women's Olympic Trials Marathon",2016,FALSE
"JANET BAWCOM","JANET BAWCOM","Women's Olympic Trials Marathon",2016,FALSE
"KELLYN TAYLOR","KELLYN TAYLOR","Women's Olympic Trials Marathon",2016,FALSE
"MAEGAN KRIFCHIN","MAEGAN KRIFCHIN","Women's Olympic Trials Marathon",2016,FALSE
"SERENA BURLA","SERENA BURLA","Women's Olympic Trials Marathon",2016,FALSE
"KATJA GOLDRING","KATJA GOLDRING","Women's Olympic Trials Marathon",2016,FALSE
"ALIA GRAY","ALIA GRAY","Women's Olympic Trials Marathon",2016,FALSE
"ESTHER ATKINS","ESTHER ATKINS","Women's Olympic Trials Marathon",2016,FALSE
"ADRIANA NELSON","ADRIANA NELSON","Women's Olympic Trials Marathon",2016,FALSE
"LENORE MORENO","LENORE MORENO","Women's Olympic Trials Marathon",2016,FALSE
"LINDSAY FLANAGAN","LINDSAY FLANAGAN","Women's Olympic Trials Marathon",2016,FALSE
"MELISSA JOHNSON-WHITE","MELISSA WHITE","Women's Olympic Trials Marathon",2016,FALSE
"HEATHER LIEBERG","HEATHER LIEBERG","Women's Olympic Trials Marathon",2016,FALSE
"WENDY THOMAS","WENDY THOMAS","Women's Olympic Trials Marathon",2016,FALSE
"ERIN OSMENT","ERIN OSMENT","Women's Olympic Trials Marathon",2016,FALSE
"ERIN VERGARA","ERIN VERGARA","Women's Olympic Trials Marathon",2016,FALSE
"SUSANNA SULLIVAN","SUSANNA SULLIVAN","Women's Olympic Trials Marathon",2016,FALSE
"KATIE DICAMILLO","KATIE DICAMILLO","Women's Olympic Trials Marathon",2016,FALSE
"ALLISON MACSAS","ALLISON MACSAS","Women's Olympic Trials Marathon",2016,FALSE
"CYNTHIA FOWLER","CYNTHIA FOWLER","Women's Olympic Trials Marathon",2016,FALSE
"KEELY MAGUIRE","KEELY MAGUIRE","Women's Olympic Trials Marathon",2016,FALSE
"LAURA HAGLEY","LAURA HAGLEY","Women's Olympic Trials Marathon",2016,FALSE
"CAITLIN COMFORT","CAITLIN COMFORT","Women's Olympic Trials Marathon",2016,FALSE
"KRISTEN HECKERT","KRISTEN HECKERT","Women's Olympic Trials Marathon",2016,FALSE
"KATIE KELLNER","KATIE KELLNER","Women's Olympic Trials Marathon",2016,FALSE
"ELLIE HESS","ELLIE HESS","Women's Olympic Trials Marathon",2016,FALSE
"WHITNEY BEVINS","WHITNEY BEVINS","Women's Olympic Trials Marathon",2016,FALSE
"GINA SLABY","GINA SLABY","Women's Olympic Trials Marathon",2016,FALSE
"LAUREN PHILBROOK","LAUREN PHILBROOK","Women's Olympic Trials Marathon",2016,FALSE
"ANITA PEREZ","ANITA PEREZ","Women's Olympic Trials Marathon",2016,FALSE
"BRIANNE NELSON","BRIANNE NELSON","Women's Olympic Trials Marathon",2016,FALSE
"DOT MCMAHAN","DOT MCMAHAN","Women's Olympic Trials Marathon",2016,FALSE
"LAUREN JIMISON","LAUREN JIMISON","Women's Olympic Trials Marathon",2016,FALSE
"HILARY DIONNE","HILARY DIONNE","Women's Olympic Trials Marathon",2016,FALSE
"TERESA MCWALTERS","TERESA MCWALTERS","Women's Olympic Trials Marathon",2016,FALSE
"EMMA POLLEY","EMMA POLLEY","Women's Olympic Trials Marathon",2016,FALSE
"CARRIE DIMOFF","CARRIE DIMOFF","Women's Olympic Trials Marathon",2016,FALSE
"MADELINE DUHON","MADELINE DUHON","Women's Olympic Trials Marathon",2016,FALSE
"RACHEL HYLAND","RACHEL HYLAND","Women's Olympic Trials Marathon",2016,FALSE
"RACHEL JATEN","RACHEL JATEN","Women's Olympic Trials Marathon",2016,FALSE
"MEGHAN PEYTON","MEGHAN PEYTON","Women's Olympic Trials Marathon",2016,FALSE
"JULIA ROMAN-DUVAL","JULIA ROMAN-DUVAL","Women's Olympic Trials Marathon",2016,FALSE
"SARAH CUMMINGS","SARAH CUMMINGS","Women's Olympic Trials Marathon",2016,FALSE
"ASHLEY BRASOVAN","ASHLEY BRASOVAN","Women's Olympic Trials Marathon",2016,FALSE
"ANNA WEBER","ANNA WEBER","Women's Olympic Trials Marathon",2016,FALSE
"KELSEY BRUCE","KELSEY BRUCE","Women's Olympic Trials Marathon",2016,FALSE
"JENNIFER BERGMAN","JENNIFER BERGMAN","Women's Olympic Trials Marathon",2016,FALSE
"AMANDA NURSE","AMANDA NURSE","Women's Olympic Trials Marathon",2016,FALSE
"AMBER GREEN","AMBER GREEN","Women's Olympic Trials Marathon",2016,FALSE
"JENELLE DEATHERAGE","JENELLE DEATHERAGE","Women's Olympic Trials Marathon",2016,FALSE
"ELIZABETH NORTHERN","ELIZABETH NORTHERN","Women's Olympic Trials Marathon",2016,FALSE
"MELISSA BURKART","MELISSA BURKART","Women's Olympic Trials Marathon",2016,FALSE
"CHRISTINA VERGARA ALESHIRE","CHRISTINA VERGARA ALESHIRE","Women's Olympic Trials Marathon",2016,FALSE
"JEANNA COMPOSTI","JEANNA COMPOSTI","Women's Olympic Trials Marathon",2016,FALSE
"CAITLIN E. PHILLIPS","CAITLIN PHILLIPS","Women's Olympic Trials Marathon",2016,FALSE
"REBECCA (BECKY) WADE","REBECCA WADE","Women's Olympic Trials Marathon",2016,FALSE
"KIMI REED","KIMI REED","Women's Olympic Trials Marathon",2016,FALSE
"ALEXANDRA BERNARDI","ALEXANDRA BERNARDI","Women's Olympic Trials Marathon",2016,FALSE
"MELISSA HARDESTY","MELISSA HARDESTY","Women's Olympic Trials Marathon",2016,FALSE
"LORING CROWLEY","LORING CROWLEY","Women's Olympic Trials Marathon",2016,FALSE
"SARAH MACKAY ROBINSON","SARAH MACKAY ROBINSON","Women's Olympic Trials Marathon",2016,FALSE
"HEATHER MCWHIRTER","HEATHER MCWHIRTER","Women's Olympic Trials Marathon",2016,FALSE
"EMILY HARRISON","EMILY HARRISON","Women's Olympic Trials Marathon",2016,FALSE
"ERIN MOELLER","ERIN MOELLER","Women's Olympic Trials Marathon",2016,FALSE
"LAUREN FOG","LAUREN FOG","Women's Olympic Trials Marathon",2016,FALSE
"MERRILEE BLACKHAM","MERRILEE BLACKHAM","Women's Olympic Trials Marathon",2016,FALSE
"CAROL SMITH","CAROL SMITH","Women's Olympic Trials Marathon",2016,FALSE
"COURTNEY BREWIS","COURTNEY BREWIS","Women's Olympic Trials Marathon",2016,FALSE
"TAYLOR WARD","TAYLOR WARD","Women's Olympic Trials Marathon",2016,FALSE
"CAROLINE BOLLER","CAROLINE BOLLER","Women's Olympic Trials Marathon",2016,FALSE
"CAITLIN SMITH","CAITLIN SMITH","Women's Olympic Trials Marathon",2016,FALSE
"KAITLIN SHEEDY","KAITLIN SHEEDY","Women's Olympic Trials Marathon",2016,FALSE
"JEN ROCK","JENNIFER ROCK","Women's Olympic Trials Marathon",2016,FALSE
"AMY ROBILLARD","AMY ROBILLARD","Women's Olympic Trials Marathon",2016,FALSE
"LEAH FROST","LEAH FROST","Women's Olympic Trials Marathon",2016,FALSE
"NICOLE MICHMERHUIZEN","NICOLE MICHMERHUIZEN","Women's Olympic Trials Marathon",2016,FALSE
"KATIE SCHIEMANN","KATIE SCHIEMANN","Women's Olympic Trials Marathon",2016,FALSE
"AMBER WHITE","AMBER WHITE","Women's Olympic Trials Marathon",2016,FALSE
"NORA COLLIGAN","NORA COLLIGAN","Women's Olympic Trials Marathon",2016,FALSE
"DANIELLE MILLER","DANIELLE MILLER","Women's Olympic Trials Marathon",2016,FALSE
"AMANDA SCOTT","AMANDA SCOTT","Women's Olympic Trials Marathon",2016,FALSE
"LYNDY DAVIS","LYNDY DAVIS","Women's Olympic Trials Marathon",2016,FALSE
"AMANDA MARINO","AMANDA MARINO","Women's Olympic Trials Marathon",2016,FALSE
"CHRISTINE SHAW","CHRISTINE SHAW","Women's Olympic Trials Marathon",2016,FALSE
"LAURA HARNISH","LAURA HARNISH","Women's Olympic Trials Marathon",2016,FALSE
"OBSIE BIRRU","OBSIE BIRRU","Women's Olympic Trials Marathon",2016,FALSE
